{
  "ADE-FCM": {
    "iterations": [
      1,
      2,
      3,
      4,
      5,
      6,
      7,
      8,
      9,
      10,
      11,
      12,
      13,
      14,
      15,
      16,
      17,
      18,
      19,
      20,
      21,
      22,
      23,
      24,
      25,
      26,
      27,
      28,
      29,
      30,
      31,
      32,
      33,
      34,
      35,
      36,
      37,
      38,
      39,
      40,
      41,
      42,
      43,
      44,
      45,
      46,
      47,
      48,
      49,
      50,
      51,
      52,
      53,
      54,
      55,
      56,
      57,
      58,
      59,
      60,
      61,
      62,
      63,
      64,
      65,
      66,
      67,
      68,
      69,
      70,
      71,
      72,
      73,
      74,
      75,
      76,
      77,
      78,
      79,
      80,
      81,
      82,
      83,
      84,
      85,
      86,
      87,
      88,
      89,
      90,
      91,
      92,
      93
    ],
    "objective": [
      614.5318760927319,
      655.4874681923293,
      619.891632408368,
      679.5980443971572,
      727.8346669160532,
      750.836165053166,
      771.4063641597781,
      790.9779222957123,
      809.6571274007729,
      827.4362925117963,
      844.3024279295388,
      860.2486224789229,
      875.2748764268246,
      889.387736053568,
      902.5997523451686,
      914.9288838963589,
      926.397869478173,
      937.0335856083422,
      946.8664025385056,
      955.9295506960151,
      964.2585081212399,
      971.8904178273848,
      978.8635423402852,
      985.2167610107482,
      990.9891140843731,
      996.2193960066475,
      1000.9457990678918,
      1005.2056072768851,
      1009.0349393080492,
      1012.4685385008291,
      1015.5396072000688,
      1018.2796822055029,
      1020.7185477351442,
      1022.8841820861876,
      1024.8027340808558,
      1026.4985253951081,
      1027.994074966889,
      1029.31014184977,
      1030.4657831006718,
      1031.4784235516236,
      1032.363934601619,
      1033.1367194639863,
      1033.8098026073367,
      1034.394921426182,
      1034.9026184643014,
      1035.342332785099,
      1035.7224893351088,
      1036.0505853771951,
      1036.3332732776141,
      1036.5764391155265,
      1036.7852767450427,
      1036.9643570791843,
      1037.1176924834285,
      1037.2487962652285,
      1037.3607373266552,
      1037.4561901118445,
      1037.5374800310076,
      1037.6066245801223,
      1037.6653704017506,
      1037.7152265493626,
      1037.757494226529,
      1037.7932932747951,
      1037.8235856812883,
      1037.849196369789,
      1037.8708315292736,
      1037.8890947206885,
      1037.904500988743,
      1037.9174891904656,
      1037.9284327361013,
      1037.9376489217916,
      1037.9454070186175,
      1037.9519352666662,
      1037.9574269075883,
      1037.9620453773994,
      1037.965928766345,
      1037.969193641871,
      1037.9719383189051,
      1037.9742456531178,
      1037.976185421094,
      1037.977816347231,
      1037.9791878251588,
      1037.9803413790676,
      1037.9813119018752,
      1037.9821287022187,
      1037.9828163913949,
      1037.9833956292277,
      1037.983883756599,
      1037.9842953257266,
      1037.9846425479448,
      1037.9849356702537,
      1037.9851832909496,
      1037.9853926262,
      1037.9855697326486
    ],
    "change": [
      614.5318760927319,
      40.955592099597425,
      -35.59583578396132,
      59.70641198878923,
      48.236622518895956,
      23.00149813711289,
      20.570199106612108,
      19.571558135934197,
      18.679205105060532,
      17.779165111023417,
      16.8661354177425,
      15.946194549384131,
      15.026253947901637,
      14.112859626743443,
      13.212016291600548,
      12.329131551190358,
      11.468985581814081,
      10.635716130169158,
      9.832816930163403,
      9.063148157509545,
      8.328957425224758,
      7.631909706144938,
      6.9731245129004265,
      6.353218670462979,
      5.772353073624913,
      5.230281922274344,
      4.726403061244355,
      4.259808208993263,
      3.8293320311640855,
      3.4335991927799796,
      3.0710686992396177,
      2.7400750054341643,
      2.438865529641248,
      2.1656343510434226,
      1.918551994668178,
      1.6957913142523466,
      1.4955495717808844,
      1.316066882880932,
      1.1556412509019083,
      1.0126404509517215,
      0.8855110499953298,
      0.7727848623674163,
      0.6730831433503681,
      0.5851188188453307,
      0.5076970381194315,
      0.4397143207975205,
      0.38015655000981496,
      0.3280960420863721,
      0.28268790041897773,
      0.24316583791232915,
      0.20883762951621065,
      0.17908033414164493,
      0.153335404244217,
      0.13110378179999316,
      0.11194106142670535,
      0.095452785189309,
      0.08128991916305495,
      0.06914454911475332,
      0.05874582162823572,
      0.04985614761199031,
      0.04226767716636459,
      0.03579904826619895,
      0.030292406493117596,
      0.02561068850081938,
      0.021635159484503674,
      0.018263191414916946,
      0.015406268054448446,
      0.012988201722691883,
      0.010943545635655028,
      0.009216185690320344,
      0.007758096825909888,
      0.00652824804865304,
      0.0054916409221732465,
      0.0046184698110209865,
      0.003883388945723709,
      0.003264875525928801,
      0.002744677034115739,
      0.002307334212673595,
      0.0019397679761823383,
      0.001630926137067945,
      0.0013714779277052003,
      0.0011535539088072255,
      0.0009705228076200001,
      0.0008168003435002902,
      0.0006876891761748993,
      0.000579237832880608,
      0.000488127371227165,
      0.0004115691276638245,
      0.0003472222181244433,
      0.0002931223089035484,
      0.00024762069597272784,
      0.00020933525047439616,
      0.00017710644851831603
    ]
  },
  "FCM": {
    "iterations": [
      1,
      2,
      3,
      4,
      5,
      6,
      7,
      8,
      9,
      10,
      11,
      12,
      13,
      14,
      15,
      16,
      17,
      18,
      19,
      20,
      21,
      22,
      23,
      24,
      25,
      26,
      27,
      28,
      29,
      30,
      31,
      32,
      33,
      34,
      35,
      36,
      37,
      38,
      39,
      40,
      41,
      42,
      43,
      44,
      45,
      46,
      47,
      48,
      49,
      50,
      51,
      52,
      53,
      54,
      55,
      56,
      57,
      58,
      59,
      60,
      61,
      62,
      63,
      64,
      65,
      66,
      67,
      68,
      69,
      70,
      71,
      72,
      73,
      74,
      75,
      76,
      77,
      78,
      79,
      80,
      81,
      82,
      83,
      84,
      85,
      86,
      87,
      88,
      89,
      90,
      91,
      92,
      93,
      94,
      95,
      96,
      97,
      98,
      99,
      100
    ],