{
  "n_datasets": 18,
  "ade_fcm_mean_ari": 0.3525688821361917,
  "fcm_mean_ari": 0.2817345608695685,
  "cohens_d": 0.4686368732227023,
  "cohens_d_ci_95": [
    0.131905040314826,
    0.7863882640914025
  ],
  "ade_ari_ci_95": [
    0.2301614730109432,
    0.48093610162930805
  ],
  "fcm_ari_ci_95": [
    0.16096483159458877,
    0.41986671493737104
  ],
  "paired_t_test_stat": 1.988257865818999,
  "paired_t_test_p": 0.06313094159853691,
  "wilcoxon_stat": 39.0,
  "wilcoxon_p": 0.0431671142578125,
  "friedman_stat": 25.236768802228433,
  "friedman_p": 4.508487529454647e-05,
  "ranking": [
    "Agglomerative",
    "KMeans",
    "ADE-FCM",
    "FCM",
    "FCLM"
  ]
}